date_start,account_id,campaign_id,campaign_name,impressions,clicks,spend,actions_purchase
2025-04-18,act_998877,m-0001,Paramount+ Spring Promo,255556,3910,2930.42,55
2025-04-18,act_998877,m-0002,Yellowstone S5 Launch,244902,3747,2808.32,52
2025-04-18,act_998877,m-0003,PAW Patrol: The Mighty Movie,234248,3584,2686.22,50
2025-04-18,act_998877,m-0004,Sports Weekend Trial Midwest Meta,123333,1887,1414.33,26
2025-04-18,act_998877,m-0005,Kids and Family Winback South Meta,134837,2063,1546.61,29
2025-04-18,act_998877,m-0006,Reality Launch Awareness US Meta,146405,2240,1678.89,31
2025-04-18,act_998877,m-0007,Sci-Fi Vault Prospecting West Meta,157908,2416,1811.16,34
2025-04-18,act_998877,m-0008,Movie Night Retargeting East Meta,169477,2593,1943.44,36
2025-04-18,act_998877,m-0009,Holiday Watchlist Trial Midwest Meta,180980,2769,2075.71,39
2025-04-18,act_998877,m-0010,Live Events Winback South Meta,88758,1358,1017.51,19
2025-04-18,act_998877,m-0011,Library Retention Awareness US Meta,100261,1534,1149.78,21
2025-04-18,act_998877,m-0012,Premium Bundle Prospecting West Meta,111765,1710,1282.06,24
2025-04-18,act_998877,m-0013,Student Offer Retargeting East Meta,123333,1887,1414.33,26
2025-04-18,act_998877,m-0014,Family Plan Trial Midwest Meta,134837,2063,1546.61,29
2025-04-18,act_998877,m-0015,Winback Audience Winback South Meta,146405,2240,1678.89,31
2025-04-18,act_998877,m-0016,New Release Awareness US Meta,157908,2416,1811.16,34
2025-04-18,act_998877,m-0017,Binge Weekend Prospecting West Meta,169477,2593,1943.44,36
2025-04-18,act_998877,m-0018,Award Season Retargeting East Meta,180980,2769,2075.71,39
2025-04-18,act_998877,m-0019,Streaming Trial Trial Midwest Meta,88758,1358,1017.51,19
2025-04-18,act_998877,m-0020,International Pack Winback South Meta,100261,1534,1149.78,21
2025-04-18,act_998877,m-0021,Paramount+ Originals Awareness US Meta,111765,1710,1282.06,24
2025-04-18,act_998877,m-0022,Drama Collection Prospecting West Meta,123333,1887,1414.33,26
2025-04-18,act_998877,m-0023,Comedy Classics Retargeting East Meta,134837,2063,1546.61,29
2025-04-18,act_998877,m-0024,Sports Weekend Trial Midwest Meta 24,146405,2240,1678.89,31
2025-04-18,act_998877,m-0025,Kids and Family Winback South Meta 25,157908,2416,1811.16,34
2025-04-18,act_998877,m-0026,Reality Launch Awareness US Meta 26,169477,2593,1943.44,36
2025-04-18,act_998877,m-0027,Sci-Fi Vault Prospecting West Meta 27,180980,2769,2075.71,39
2025-04-18,act_998877,m-0028,Movie Night Retargeting East Meta 28,88758,1358,1017.51,19
2025-04-19,act_998877,m-0001,Paramount+ Spring Promo,230850,3532,2949.53,61
2025-04-19,act_998877,m-0002,Yellowstone S5 Launch,221242,3385,2826.63,59
2025-04-19,act_998877,m-0003,PAW Patrol: The Mighty Movie,211634,3238,2703.74,56
2025-04-19,act_998877,m-0004,Sports Weekend Trial Midwest Meta,111438,1705,1423.56,30
2025-04-19,act_998877,m-0005,Kids and Family Winback South Meta,121830,1864,1556.7,32
2025-04-19,act_998877,m-0006,Reality Launch Awareness US Meta,132288,2024,1689.83,35
2025-04-19,act_998877,m-0007,Sci-Fi Vault Prospecting West Meta,142680,2183,1822.97,38
2025-04-19,act_998877,m-0008,Movie Night Retargeting East Meta,153072,2342,1956.11,41
2025-04-19,act_998877,m-0009,Holiday Watchlist Trial Midwest Meta,163529,2502,2089.25,43
2025-04-19,act_998877,m-0010,Live Events Winback South Meta,80131,1226,1024.14,21
2025-04-19,act_998877,m-0011,Library Retention Awareness US Meta,90588,1386,1157.28,24
2025-04-19,act_998877,m-0012,Premium Bundle Prospecting West Meta,100980,1545,1290.42,27
2025-04-19,act_998877,m-0013,Student Offer Retargeting East Meta,111438,1705,1423.56,30
2025-04-19,act_998877,m-0014,Family Plan Trial Midwest Meta,121830,1864,1556.7,32
2025-04-19,act_998877,m-0015,Winback Audience Winback South Meta,132288,2024,1689.83,35
2025-04-19,act_998877,m-0016,New Release Awareness US Meta,142680,2183,1822.97,38
2025-04-19,act_998877,m-0017,Binge Weekend Prospecting West Meta,153072,2342,1956.11,41
2025-04-19,act_998877,m-0018,Award Season Retargeting East Meta,163529,2502,2089.25,43
2025-04-19,act_998877,m-0019,Streaming Trial Trial Midwest Meta,80131,1226,1024.14,21
2025-04-19,act_998877,m-0020,International Pack Winback South Meta,90588,1386,1157.28,24
2025-04-19,act_998877,m-0021,Paramount+ Originals Awareness US Meta,100980,1545,1290.42,27
2025-04-19,act_998877,m-0022,Drama Collection Prospecting West Meta,111438,1705,1423.56,30
2025-04-19,act_998877,m-0023,Comedy Classics Retargeting East Meta,121830,1864,1556.7,32
2025-04-19,act_998877,m-0024,Sports Weekend Trial Midwest Meta 24,132288,2024,1689.83,35
2025-04-19,act_998877,m-0025,Kids and Family Winback South Meta 25,142680,2183,1822.97,38
2025-04-19,act_998877,m-0026,Reality Launch Awareness US Meta 26,153072,2342,1956.11,41
2025-04-19,act_998877,m-0027,Sci-Fi Vault Prospecting West Meta 27,163529,2502,2089.25,43
2025-04-19,act_998877,m-0028,Movie Night Retargeting East Meta 28,80131,1226,1024.14,21
2025-04-20,act_998877,m-0001,Paramount+ Spring Promo,236732,3622,2968.64,61
2025-04-20,act_998877,m-0002,Yellowstone S5 Launch,226928,3472,2844.95,58
2025-04-20,act_998877,m-0003,PAW Patrol: The Mighty Movie,217059,3321,2721.25,56
2025-04-20,act_998877,m-0004,Sports Weekend Trial Midwest Meta,114248,1748,1432.78,29
2025-04-20,act_998877,m-0005,Kids and Family Winback South Meta,124967,1912,1566.78,32
2025-04-20,act_998877,m-0006,Reality Launch Awareness US Meta,135621,2075,1700.78,35
2025-04-20,act_998877,m-0007,Sci-Fi Vault Prospecting West Meta,146340,2239,1834.79,37
2025-04-20,act_998877,m-0008,Movie Night Retargeting East Meta,156993,2402,1968.79,40
2025-04-20,act_998877,m-0009,Holiday Watchlist Trial Midwest Meta,167712,2566,2102.79,43
2025-04-20,act_998877,m-0010,Live Events Winback South Meta,82222,1258,1030.78,21
2025-04-20,act_998877,m-0011,Library Retention Awareness US Meta,92876,1421,1164.78,24
2025-04-20,act_998877,m-0012,Premium Bundle Prospecting West Meta,103595,1585,1298.78,27
2025-04-20,act_998877,m-0013,Student Offer Retargeting East Meta,114248,1748,1432.78,29
2025-04-20,act_998877,m-0014,Family Plan Trial Midwest Meta,124967,1912,1566.78,32
2025-04-20,act_998877,m-0015,Winback Audience Winback South Meta,135621,2075,1700.78,35
2025-04-20,act_998877,m-0016,New Release Awareness US Meta,146340,2239,1834.79,37
2025-04-20,act_998877,m-0017,Binge Weekend Prospecting West Meta,156993,2402,1968.79,40
2025-04-20,act_998877,m-0018,Award Season Retargeting East Meta,167712,2566,2102.79,43
2025-04-20,act_998877,m-0019,Streaming Trial Trial Midwest Meta,82222,1258,1030.78,21
2025-04-20,act_998877,m-0020,International Pack Winback South Meta,92876,1421,1164.78,24
2025-04-20,act_998877,m-0021,Paramount+ Originals Awareness US Meta,103595,1585,1298.78,27
2025-04-20,act_998877,m-0022,Drama Collection Prospecting West Meta,114248,1748,1432.78,29
2025-04-20,act_998877,m-0023,Comedy Classics Retargeting East Meta,124967,1912,1566.78,32
2025-04-20,act_998877,m-0024,Sports Weekend Trial Midwest Meta 24,135621,2075,1700.78,35
2025-04-20,act_998877,m-0025,Kids and Family Winback South Meta 25,146340,2239,1834.79,37
2025-04-20,act_998877,m-0026,Reality Launch Awareness US Meta 26,156993,2402,1968.79,40
2025-04-20,act_998877,m-0027,Sci-Fi Vault Prospecting West Meta 27,167712,2566,2102.79,43
2025-04-20,act_998877,m-0028,Movie Night Retargeting East Meta 28,82222,1258,1030.78,21
2025-04-21,act_998877,m-0001,Paramount+ Spring Promo,216732,3316,2667.64,54
2025-04-21,act_998877,m-0002,Yellowstone S5 Launch,207712,3178,2556.48,51
2025-04-21,act_998877,m-0003,PAW Patrol: The Mighty Movie,198693,3040,2445.33,49
2025-04-21,act_998877,m-0004,Sports Weekend Trial Midwest Meta,104575,1600,1287.5,26
2025-04-21,act_998877,m-0005,Kids and Family Winback South Meta,114379,1750,1407.92,28
2025-04-21,act_998877,m-0006,Reality Launch Awareness US Meta,124183,1900,1528.33,31
2025-04-21,act_998877,m-0007,Sci-Fi Vault Prospecting West Meta,133922,2049,1648.75,33
2025-04-21,act_998877,m-0008,Movie Night Retargeting East Meta,143725,2199,1769.16,36
2025-04-21,act_998877,m-0009,Holiday Watchlist Trial Midwest Meta,153529,2349,1889.58,38
2025-04-21,act_998877,m-0010,Live Events Winback South Meta,75229,1151,926.26,19
2025-04-21,act_998877,m-0011,Library Retention Awareness US Meta,85033,1301,1046.68,21
2025-04-21,act_998877,m-0012,Premium Bundle Prospecting West Meta,94837,1451,1167.09,23
2025-04-21,act_998877,m-0013,Student Offer Retargeting East Meta,104575,1600,1287.5,26
2025-04-21,act_998877,m-0014,Family Plan Trial Midwest Meta,114379,1750,1407.92,28
2025-04-21,act_998877,m-0015,Winback Audience Winback South Meta,124183,1900,1528.33,31
2025-04-21,act_998877,m-0016,New Release Awareness US Meta,133922,2049,1648.75,33
2025-04-21,act_998877,m-0017,Binge Weekend Prospecting West Meta,143725,2199,1769.16,36
2025-04-21,act_998877,m-0018,Award Season Retargeting East Meta,153529,2349,1889.58,38
2025-04-21,act_998877,m-0019,Streaming Trial Trial Midwest Meta,75229,1151,926.26,19
2025-04-21,act_998877,m-0020,International Pack Winback South Meta,85033,1301,1046.68,21
2025-04-21,act_998877,m-0021,Paramount+ Originals Awareness US Meta,94837,1451,1167.09,23
2025-04-21,act_998877,m-0022,Drama Collection Prospecting West Meta,104575,1600,1287.5,26
2025-04-21,act_998877,m-0023,Comedy Classics Retargeting East Meta,114379,1750,1407.92,28
2025-04-21,act_998877,m-0024,Sports Weekend Trial Midwest Meta 24,124183,1900,1528.33,31
2025-04-21,act_998877,m-0025,Kids and Family Winback South Meta 25,133922,2049,1648.75,33
2025-04-21,act_998877,m-0026,Reality Launch Awareness US Meta 26,143725,2199,1769.16,36
2025-04-21,act_998877,m-0027,Sci-Fi Vault Prospecting West Meta 27,153529,2349,1889.58,38
2025-04-21,act_998877,m-0028,Movie Night Retargeting East Meta 28,75229,1151,926.26,19
2025-04-22,act_998877,m-0001,Paramount+ Spring Promo,284314,4350,3436.42,68
2025-04-22,act_998877,m-0002,Yellowstone S5 Launch,272484,4169,3293.23,65
2025-04-22,act_998877,m-0003,PAW Patrol: The Mighty Movie,260588,3987,3150.05,62
2025-04-22,act_998877,m-0004,Sports Weekend Trial Midwest Meta,137190,2099,1658.55,33
2025-04-22,act_998877,m-0005,Kids and Family Winback South Meta,150065,2296,1813.66,36
2025-04-22,act_998877,m-0006,Reality Launch Awareness US Meta,162876,2492,1968.78,39
2025-04-22,act_998877,m-0007,Sci-Fi Vault Prospecting West Meta,175686,2688,2123.9,42
2025-04-22,act_998877,m-0008,Movie Night Retargeting East Meta,188562,2885,2279.01,45
2025-04-22,act_998877,m-0009,Holiday Watchlist Trial Midwest Meta,201373,3081,2434.13,48
2025-04-22,act_998877,m-0010,Live Events Winback South Meta,98693,1510,1193.2,24
2025-04-22,act_998877,m-0011,Library Retention Awareness US Meta,111569,1707,1348.32,27
2025-04-22,act_998877,m-0012,Premium Bundle Prospecting West Meta,124379,1903,1503.43,30
2025-04-22,act_998877,m-0013,Student Offer Retargeting East Meta,137190,2099,1658.55,33
2025-04-22,act_998877,m-0014,Family Plan Trial Midwest Meta,150065,2296,1813.66,36
2025-04-22,act_998877,m-0015,Winback Audience Winback South Meta,162876,2492,1968.78,39
2025-04-22,act_998877,m-0016,New Release Awareness US Meta,175686,2688,2123.9,42
2025-04-22,act_998877,m-0017,Binge Weekend Prospecting West Meta,188562,2885,2279.01,45
2025-04-22,act_998877,m-0018,Award Season Retargeting East Meta,201373,3081,2434.13,48
2025-04-22,act_998877,m-0019,Streaming Trial Trial Midwest Meta,98693,1510,1193.2,24
2025-04-22,act_998877,m-0020,International Pack Winback South Meta,111569,1707,1348.32,27
2025-04-22,act_998877,m-0021,Paramount+ Originals Awareness US Meta,124379,1903,1503.43,30
2025-04-22,act_998877,m-0022,Drama Collection Prospecting West Meta,137190,2099,1658.55,33
2025-04-22,act_998877,m-0023,Comedy Classics Retargeting East Meta,150065,2296,1813.66,36
2025-04-22,act_998877,m-0024,Sports Weekend Trial Midwest Meta 24,162876,2492,1968.78,39
2025-04-22,act_998877,m-0025,Kids and Family Winback South Meta 25,175686,2688,2123.9,42
2025-04-22,act_998877,m-0026,Reality Launch Awareness US Meta 26,188562,2885,2279.01,45
2025-04-22,act_998877,m-0027,Sci-Fi Vault Prospecting West Meta 27,201373,3081,2434.13,48
2025-04-22,act_998877,m-0028,Movie Night Retargeting East Meta 28,98693,1510,1193.2,24
2025-04-23,act_998877,m-0001,Paramount+ Spring Promo,227582,3482,2701.76,52
2025-04-23,act_998877,m-0002,Yellowstone S5 Launch,218039,3336,2589.19,50
2025-04-23,act_998877,m-0003,PAW Patrol: The Mighty Movie,208562,3191,2476.62,48
2025-04-23,act_998877,m-0004,Sports Weekend Trial Midwest Meta,109804,1680,1303.98,25
2025-04-23,act_998877,m-0005,Kids and Family Winback South Meta,120065,1837,1425.93,28
2025-04-23,act_998877,m-0006,Reality Launch Awareness US Meta,130392,1995,1547.89,30
2025-04-23,act_998877,m-0007,Sci-Fi Vault Prospecting West Meta,140654,2152,1669.84,32
2025-04-23,act_998877,m-0008,Movie Night Retargeting East Meta,150915,2309,1791.79,35
2025-04-23,act_998877,m-0009,Holiday Watchlist Trial Midwest Meta,161176,2466,1913.75,37
2025-04-23,act_998877,m-0010,Live Events Winback South Meta,79020,1209,938.11,18
2025-04-23,act_998877,m-0011,Library Retention Awareness US Meta,89281,1366,1060.07,21
2025-04-23,act_998877,m-0012,Premium Bundle Prospecting West Meta,99542,1523,1182.02,23
2025-04-23,act_998877,m-0013,Student Offer Retargeting East Meta,109804,1680,1303.98,25
2025-04-23,act_998877,m-0014,Family Plan Trial Midwest Meta,120065,1837,1425.93,28
2025-04-23,act_998877,m-0015,Winback Audience Winback South Meta,130392,1995,1547.89,30
2025-04-23,act_998877,m-0016,New Release Awareness US Meta,140654,2152,1669.84,32
2025-04-23,act_998877,m-0017,Binge Weekend Prospecting West Meta,150915,2309,1791.79,35
2025-04-23,act_998877,m-0018,Award Season Retargeting East Meta,161176,2466,1913.75,37
2025-04-23,act_998877,m-0019,Streaming Trial Trial Midwest Meta,79020,1209,938.11,18
2025-04-23,act_998877,m-0020,International Pack Winback South Meta,89281,1366,1060.07,21
2025-04-23,act_998877,m-0021,Paramount+ Originals Awareness US Meta,99542,1523,1182.02,23
2025-04-23,act_998877,m-0022,Drama Collection Prospecting West Meta,109804,1680,1303.98,25
2025-04-23,act_998877,m-0023,Comedy Classics Retargeting East Meta,120065,1837,1425.93,28
2025-04-23,act_998877,m-0024,Sports Weekend Trial Midwest Meta 24,130392,1995,1547.89,30
2025-04-23,act_998877,m-0025,Kids and Family Winback South Meta 25,140654,2152,1669.84,32
2025-04-23,act_998877,m-0026,Reality Launch Awareness US Meta 26,150915,2309,1791.79,35
2025-04-23,act_998877,m-0027,Sci-Fi Vault Prospecting West Meta 27,161176,2466,1913.75,37
2025-04-23,act_998877,m-0028,Movie Night Retargeting East Meta 28,79020,1209,938.11,18
2025-04-24,act_998877,m-0001,Paramount+ Spring Promo,233007,3565,2718.83,52
2025-04-24,act_998877,m-0002,Yellowstone S5 Launch,223333,3417,2605.54,50
2025-04-24,act_998877,m-0003,PAW Patrol: The Mighty Movie,213595,3268,2492.26,47
2025-04-24,act_998877,m-0004,Sports Weekend Trial Midwest Meta,112484,1721,1312.21,25
2025-04-24,act_998877,m-0005,Kids and Family Winback South Meta,123007,1882,1434.94,27
2025-04-24,act_998877,m-0006,Reality Launch Awareness US Meta,133529,2043,1557.66,30
2025-04-24,act_998877,m-0007,Sci-Fi Vault Prospecting West Meta,144052,2204,1680.39,32
2025-04-24,act_998877,m-0008,Movie Night Retargeting East Meta,154575,2365,1803.11,34
2025-04-24,act_998877,m-0009,Holiday Watchlist Trial Midwest Meta,165098,2526,1925.84,37
2025-04-24,act_998877,m-0010,Live Events Winback South Meta,80915,1238,944.04,18
2025-04-24,act_998877,m-0011,Library Retention Awareness US Meta,91438,1399,1066.76,20
2025-04-24,act_998877,m-0012,Premium Bundle Prospecting West Meta,101961,1560,1189.49,23
2025-04-24,act_998877,m-0013,Student Offer Retargeting East Meta,112484,1721,1312.21,25
2025-04-24,act_998877,m-0014,Family Plan Trial Midwest Meta,123007,1882,1434.94,27
2025-04-24,act_998877,m-0015,Winback Audience Winback South Meta,133529,2043,1557.66,30
2025-04-24,act_998877,m-0016,New Release Awareness US Meta,144052,2204,1680.39,32
2025-04-24,act_998877,m-0017,Binge Weekend Prospecting West Meta,154575,2365,1803.11,34
2025-04-24,act_998877,m-0018,Award Season Retargeting East Meta,165098,2526,1925.84,37
2025-04-24,act_998877,m-0019,Streaming Trial Trial Midwest Meta,80915,1238,944.04,18
2025-04-24,act_998877,m-0020,International Pack Winback South Meta,91438,1399,1066.76,20
2025-04-24,act_998877,m-0021,Paramount+ Originals Awareness US Meta,101961,1560,1189.49,23
2025-04-24,act_998877,m-0022,Drama Collection Prospecting West Meta,112484,1721,1312.21,25
2025-04-24,act_998877,m-0023,Comedy Classics Retargeting East Meta,123007,1882,1434.94,27
2025-04-24,act_998877,m-0024,Sports Weekend Trial Midwest Meta 24,133529,2043,1557.66,30
2025-04-24,act_998877,m-0025,Kids and Family Winback South Meta 25,144052,2204,1680.39,32
2025-04-24,act_998877,m-0026,Reality Launch Awareness US Meta 26,154575,2365,1803.11,34
2025-04-24,act_998877,m-0027,Sci-Fi Vault Prospecting West Meta 27,165098,2526,1925.84,37
2025-04-24,act_998877,m-0028,Movie Night Retargeting East Meta 28,80915,1238,944.04,18
2025-04-25,act_998877,m-0001,Paramount+ Spring Promo,267190,4088,3064.2,57
2025-04-25,act_998877,m-0002,Yellowstone S5 Launch,256078,3918,2936.52,55
2025-04-25,act_998877,m-0003,PAW Patrol: The Mighty Movie,244967,3748,2808.85,52
2025-04-25,act_998877,m-0004,Sports Weekend Trial Midwest Meta,128954,1973,1478.9,28
2025-04-25,act_998877,m-0005,Kids and Family Winback South Meta,141046,2158,1617.22,30
2025-04-25,act_998877,m-0006,Reality Launch Awareness US Meta,153072,2342,1755.53,33
2025-04-25,act_998877,m-0007,Sci-Fi Vault Prospecting West Meta,165163,2527,1893.84,35
2025-04-25,act_998877,m-0008,Movie Night Retargeting East Meta,177190,2711,2032.16,38
2025-04-25,act_998877,m-0009,Holiday Watchlist Trial Midwest Meta,189281,2896,2170.47,40
2025-04-25,act_998877,m-0010,Live Events Winback South Meta,92810,1420,1063.96,20
2025-04-25,act_998877,m-0011,Library Retention Awareness US Meta,104837,1604,1202.27,22
2025-04-25,act_998877,m-0012,Premium Bundle Prospecting West Meta,116928,1789,1340.59,25
2025-04-25,act_998877,m-0013,Student Offer Retargeting East Meta,128954,1973,1478.9,28
2025-04-25,act_998877,m-0014,Family Plan Trial Midwest Meta,141046,2158,1617.22,30
2025-04-25,act_998877,m-0015,Winback Audience Winback South Meta,153072,2342,1755.53,33
2025-04-25,act_998877,m-0016,New Release Awareness US Meta,165163,2527,1893.84,35
2025-04-25,act_998877,m-0017,Binge Weekend Prospecting West Meta,177190,2711,2032.16,38
2025-04-25,act_998877,m-0018,Award Season Retargeting East Meta,189281,2896,2170.47,40
2025-04-25,act_998877,m-0019,Streaming Trial Trial Midwest Meta,92810,1420,1063.96,20
2025-04-25,act_998877,m-0020,International Pack Winback South Meta,104837,1604,1202.27,22
2025-04-25,act_998877,m-0021,Paramount+ Originals Awareness US Meta,116928,1789,1340.59,25
2025-04-25,act_998877,m-0022,Drama Collection Prospecting West Meta,128954,1973,1478.9,28
2025-04-25,act_998877,m-0023,Comedy Classics Retargeting East Meta,141046,2158,1617.22,30
2025-04-25,act_998877,m-0024,Sports Weekend Trial Midwest Meta 24,153072,2342,1755.53,33
2025-04-25,act_998877,m-0025,Kids and Family Winback South Meta 25,165163,2527,1893.84,35
2025-04-25,act_998877,m-0026,Reality Launch Awareness US Meta 26,177190,2711,2032.16,38
2025-04-25,act_998877,m-0027,Sci-Fi Vault Prospecting West Meta 27,189281,2896,2170.47,40
2025-04-25,act_998877,m-0028,Movie Night Retargeting East Meta 28,92810,1420,1063.96,20
2025-04-26,act_998877,m-0001,Paramount+ Spring Promo,241307,3692,3083.31,64
2025-04-26,act_998877,m-0002,Yellowstone S5 Launch,231242,3538,2954.84,61
2025-04-26,act_998877,m-0003,PAW Patrol: The Mighty Movie,221176,3384,2826.37,59
2025-04-26,act_998877,m-0004,Sports Weekend Trial Midwest Meta,116471,1782,1488.13,31
2025-04-26,act_998877,m-0005,Kids and Family Winback South Meta,127386,1949,1627.3,34
2025-04-26,act_998877,m-0006,Reality Launch Awareness US Meta,138235,2115,1766.48,37
2025-04-26,act_998877,m-0007,Sci-Fi Vault Prospecting West Meta,149150,2282,1905.66,40
2025-04-26,act_998877,m-0008,Movie Night Retargeting East Meta,160065,2449,2044.83,43
2025-04-26,act_998877,m-0009,Holiday Watchlist Trial Midwest Meta,170915,2615,2184.01,45
2025-04-26,act_998877,m-0010,Live Events Winback South Meta,83791,1282,1070.59,22
2025-04-26,act_998877,m-0011,Library Retention Awareness US Meta,94706,1449,1209.77,25
2025-04-26,act_998877,m-0012,Premium Bundle Prospecting West Meta,105556,1615,1348.95,28
2025-04-26,act_998877,m-0013,Student Offer Retargeting East Meta,116471,1782,1488.13,31
2025-04-26,act_998877,m-0014,Family Plan Trial Midwest Meta,127386,1949,1627.3,34
2025-04-26,act_998877,m-0015,Winback Audience Winback South Meta,138235,2115,1766.48,37
2025-04-26,act_998877,m-0016,New Release Awareness US Meta,149150,2282,1905.66,40
2025-04-26,act_998877,m-0017,Binge Weekend Prospecting West Meta,160065,2449,2044.83,43
2025-04-26,act_998877,m-0018,Award Season Retargeting East Meta,170915,2615,2184.01,45
2025-04-26,act_998877,m-0019,Streaming Trial Trial Midwest Meta,83791,1282,1070.59,22
2025-04-26,act_998877,m-0020,International Pack Winback South Meta,94706,1449,1209.77,25
2025-04-26,act_998877,m-0021,Paramount+ Originals Awareness US Meta,105556,1615,1348.95,28
2025-04-26,act_998877,m-0022,Drama Collection Prospecting West Meta,116471,1782,1488.13,31
2025-04-26,act_998877,m-0023,Comedy Classics Retargeting East Meta,127386,1949,1627.3,34
2025-04-26,act_998877,m-0024,Sports Weekend Trial Midwest Meta 24,138235,2115,1766.48,37
2025-04-26,act_998877,m-0025,Kids and Family Winback South Meta 25,149150,2282,1905.66,40
2025-04-26,act_998877,m-0026,Reality Launch Awareness US Meta 26,160065,2449,2044.83,43
2025-04-26,act_998877,m-0027,Sci-Fi Vault Prospecting West Meta 27,170915,2615,2184.01,45
2025-04-26,act_998877,m-0028,Movie Night Retargeting East Meta 28,83791,1282,1070.59,22
2025-04-27,act_998877,m-0001,Paramount+ Spring Promo,247451,3786,3102.42,63
2025-04-27,act_998877,m-0002,Yellowstone S5 Launch,237124,3628,2973.15,61
2025-04-27,act_998877,m-0003,PAW Patrol: The Mighty Movie,226797,3470,2843.89,58
2025-04-27,act_998877,m-0004,Sports Weekend Trial Midwest Meta,119412,1827,1497.35,31
2025-04-27,act_998877,m-0005,Kids and Family Winback South Meta,130588,1998,1637.39,33
2025-04-27,act_998877,m-0006,Reality Launch Awareness US Meta,141765,2169,1777.43,36
2025-04-27,act_998877,m-0007,Sci-Fi Vault Prospecting West Meta,152941,2340,1917.47,39
2025-04-27,act_998877,m-0008,Movie Night Retargeting East Meta,164118,2511,2057.51,42
2025-04-27,act_998877,m-0009,Holiday Watchlist Trial Midwest Meta,175294,2682,2197.55,45
2025-04-27,act_998877,m-0010,Live Events Winback South Meta,85882,1314,1077.23,22
2025-04-27,act_998877,m-0011,Library Retention Awareness US Meta,97059,1485,1217.27,25
2025-04-27,act_998877,m-0012,Premium Bundle Prospecting West Meta,108235,1656,1357.31,28
2025-04-27,act_998877,m-0013,Student Offer Retargeting East Meta,119412,1827,1497.35,31
2025-04-27,act_998877,m-0014,Family Plan Trial Midwest Meta,130588,1998,1637.39,33
2025-04-27,act_998877,m-0015,Winback Audience Winback South Meta,141765,2169,1777.43,36
2025-04-27,act_998877,m-0016,New Release Awareness US Meta,152941,2340,1917.47,39
2025-04-27,act_998877,m-0017,Binge Weekend Prospecting West Meta,164118,2511,2057.51,42
2025-04-27,act_998877,m-0018,Award Season Retargeting East Meta,175294,2682,2197.55,45
2025-04-27,act_998877,m-0019,Streaming Trial Trial Midwest Meta,85882,1314,1077.23,22
2025-04-27,act_998877,m-0020,International Pack Winback South Meta,97059,1485,1217.27,25
2025-04-27,act_998877,m-0021,Paramount+ Originals Awareness US Meta,108235,1656,1357.31,28
2025-04-27,act_998877,m-0022,Drama Collection Prospecting West Meta,119412,1827,1497.35,31
2025-04-27,act_998877,m-0023,Comedy Classics Retargeting East Meta,130588,1998,1637.39,33
2025-04-27,act_998877,m-0024,Sports Weekend Trial Midwest Meta 24,141765,2169,1777.43,36
2025-04-27,act_998877,m-0025,Kids and Family Winback South Meta 25,152941,2340,1917.47,39
2025-04-27,act_998877,m-0026,Reality Launch Awareness US Meta 26,164118,2511,2057.51,42
2025-04-27,act_998877,m-0027,Sci-Fi Vault Prospecting West Meta 27,175294,2682,2197.55,45
2025-04-27,act_998877,m-0028,Movie Night Retargeting East Meta 28,85882,1314,1077.23,22
2025-04-28,act_998877,m-0001,Paramount+ Spring Promo,226405,3464,2787.08,56
2025-04-28,act_998877,m-0002,Yellowstone S5 Launch,216993,3320,2670.95,54
2025-04-28,act_998877,m-0003,PAW Patrol: The Mighty Movie,207582,3176,2554.83,51
2025-04-28,act_998877,m-0004,Sports Weekend Trial Midwest Meta,109281,1672,1345.15,27
2025-04-28,act_998877,m-0005,Kids and Family Winback South Meta,119477,1828,1470.96,30
2025-04-28,act_998877,m-0006,Reality Launch Awareness US Meta,129739,1985,1596.77,32
2025-04-28,act_998877,m-0007,Sci-Fi Vault Prospecting West Meta,139935,2141,1722.57,35
2025-04-28,act_998877,m-0008,Movie Night Retargeting East Meta,150196,2298,1848.38,37
2025-04-28,act_998877,m-0009,Holiday Watchlist Trial Midwest Meta,160392,2454,1974.18,40
2025-04-28,act_998877,m-0010,Live Events Winback South Meta,78627,1203,967.74,19
2025-04-28,act_998877,m-0011,Library Retention Awareness US Meta,88824,1359,1093.54,22
2025-04-28,act_998877,m-0012,Premium Bundle Prospecting West Meta,99085,1516,1219.35,24
2025-04-28,act_998877,m-0013,Student Offer Retargeting East Meta,109281,1672,1345.15,27
2025-04-28,act_998877,m-0014,Family Plan Trial Midwest Meta,119477,1828,1470.96,30
2025-04-28,act_998877,m-0015,Winback Audience Winback South Meta,129739,1985,1596.77,32
2025-04-28,act_998877,m-0016,New Release Awareness US Meta,139935,2141,1722.57,35
2025-04-28,act_998877,m-0017,Binge Weekend Prospecting West Meta,150196,2298,1848.38,37
2025-04-28,act_998877,m-0018,Award Season Retargeting East Meta,160392,2454,1974.18,40
2025-04-28,act_998877,m-0019,Streaming Trial Trial Midwest Meta,78627,1203,967.74,19
2025-04-28,act_998877,m-0020,International Pack Winback South Meta,88824,1359,1093.54,22
2025-04-28,act_998877,m-0021,Paramount+ Originals Awareness US Meta,99085,1516,1219.35,24
2025-04-28,act_998877,m-0022,Drama Collection Prospecting West Meta,109281,1672,1345.15,27
2025-04-28,act_998877,m-0023,Comedy Classics Retargeting East Meta,119477,1828,1470.96,30
2025-04-28,act_998877,m-0024,Sports Weekend Trial Midwest Meta 24,129739,1985,1596.77,32
2025-04-28,act_998877,m-0025,Kids and Family Winback South Meta 25,139935,2141,1722.57,35
2025-04-28,act_998877,m-0026,Reality Launch Awareness US Meta 26,150196,2298,1848.38,37
2025-04-28,act_998877,m-0027,Sci-Fi Vault Prospecting West Meta 27,160392,2454,1974.18,40
2025-04-28,act_998877,m-0028,Movie Night Retargeting East Meta 28,78627,1203,967.74,19
2025-04-29,act_998877,m-0001,Paramount+ Spring Promo,296928,4543,3589.31,71
2025-04-29,act_998877,m-0002,Yellowstone S5 Launch,284575,4354,3439.75,68
2025-04-29,act_998877,m-0003,PAW Patrol: The Mighty Movie,272222,4165,3290.2,65
2025-04-29,act_998877,m-0004,Sports Weekend Trial Midwest Meta,143333,2193,1732.34,34
2025-04-29,act_998877,m-0005,Kids and Family Winback South Meta,156732,2398,1894.36,37
2025-04-29,act_998877,m-0006,Reality Launch Awareness US Meta,170131,2603,2056.37,41
2025-04-29,act_998877,m-0007,Sci-Fi Vault Prospecting West Meta,183529,2808,2218.39,44
2025-04-29,act_998877,m-0008,Movie Night Retargeting East Meta,196928,3013,2380.41,47
2025-04-29,act_998877,m-0009,Holiday Watchlist Trial Midwest Meta,210327,3218,2542.43,50
2025-04-29,act_998877,m-0010,Live Events Winback South Meta,103137,1578,1246.29,25
2025-04-29,act_998877,m-0011,Library Retention Awareness US Meta,116536,1783,1408.3,28
2025-04-29,act_998877,m-0012,Premium Bundle Prospecting West Meta,129935,1988,1570.32,31
2025-04-29,act_998877,m-0013,Student Offer Retargeting East Meta,143333,2193,1732.34,34
2025-04-29,act_998877,m-0014,Family Plan Trial Midwest Meta,156732,2398,1894.36,37
2025-04-29,act_998877,m-0015,Winback Audience Winback South Meta,170131,2603,2056.37,41
2025-04-29,act_998877,m-0016,New Release Awareness US Meta,183529,2808,2218.39,44
2025-04-29,act_998877,m-0017,Binge Weekend Prospecting West Meta,196928,3013,2380.41,47
2025-04-29,act_998877,m-0018,Award Season Retargeting East Meta,210327,3218,2542.43,50
2025-04-29,act_998877,m-0019,Streaming Trial Trial Midwest Meta,103137,1578,1246.29,25
2025-04-29,act_998877,m-0020,International Pack Winback South Meta,116536,1783,1408.3,28
2025-04-29,act_998877,m-0021,Paramount+ Originals Awareness US Meta,129935,1988,1570.32,31
2025-04-29,act_998877,m-0022,Drama Collection Prospecting West Meta,143333,2193,1732.34,34
2025-04-29,act_998877,m-0023,Comedy Classics Retargeting East Meta,156732,2398,1894.36,37
2025-04-29,act_998877,m-0024,Sports Weekend Trial Midwest Meta 24,170131,2603,2056.37,41
2025-04-29,act_998877,m-0025,Kids and Family Winback South Meta 25,183529,2808,2218.39,44
2025-04-29,act_998877,m-0026,Reality Launch Awareness US Meta 26,196928,3013,2380.41,47
2025-04-29,act_998877,m-0027,Sci-Fi Vault Prospecting West Meta 27,210327,3218,2542.43,50
2025-04-29,act_998877,m-0028,Movie Night Retargeting East Meta 28,103137,1578,1246.29,25
2025-04-30,act_998877,m-0001,Paramount+ Spring Promo,237582,3635,2821.21,55
2025-04-30,act_998877,m-0002,Yellowstone S5 Launch,227712,3484,2703.66,52
2025-04-30,act_998877,m-0003,PAW Patrol: The Mighty Movie,217778,3332,2586.11,50
2025-04-30,act_998877,m-0004,Sports Weekend Trial Midwest Meta,114706,1755,1361.63,26
2025-04-30,act_998877,m-0005,Kids and Family Winback South Meta,125425,1919,1488.97,29
2025-04-30,act_998877,m-0006,Reality Launch Awareness US Meta,136144,2083,1616.32,31
2025-04-30,act_998877,m-0007,Sci-Fi Vault Prospecting West Meta,146863,2247,1743.66,34
2025-04-30,act_998877,m-0008,Movie Night Retargeting East Meta,157582,2411,1871.01,36
2025-04-30,act_998877,m-0009,Holiday Watchlist Trial Midwest Meta,168301,2575,1998.36,39
2025-04-30,act_998877,m-0010,Live Events Winback South Meta,82484,1262,979.59,19
2025-04-30,act_998877,m-0011,Library Retention Awareness US Meta,93203,1426,1106.93,21
2025-04-30,act_998877,m-0012,Premium Bundle Prospecting West Meta,103987,1591,1234.28,24
2025-04-30,act_998877,m-0013,Student Offer Retargeting East Meta,114706,1755,1361.63,26
2025-04-30,act_998877,m-0014,Family Plan Trial Midwest Meta,125425,1919,1488.97,29
2025-04-30,act_998877,m-0015,Winback Audience Winback South Meta,136144,2083,1616.32,31
2025-04-30,act_998877,m-0016,New Release Awareness US Meta,146863,2247,1743.66,34
2025-04-30,act_998877,m-0017,Binge Weekend Prospecting West Meta,157582,2411,1871.01,36
2025-04-30,act_998877,m-0018,Award Season Retargeting East Meta,168301,2575,1998.36,39
2025-04-30,act_998877,m-0019,Streaming Trial Trial Midwest Meta,82484,1262,979.59,19
2025-04-30,act_998877,m-0020,International Pack Winback South Meta,93203,1426,1106.93,21
2025-04-30,act_998877,m-0021,Paramount+ Originals Awareness US Meta,103987,1591,1234.28,24
2025-04-30,act_998877,m-0022,Drama Collection Prospecting West Meta,114706,1755,1361.63,26
2025-04-30,act_998877,m-0023,Comedy Classics Retargeting East Meta,125425,1919,1488.97,29
2025-04-30,act_998877,m-0024,Sports Weekend Trial Midwest Meta 24,136144,2083,1616.32,31
2025-04-30,act_998877,m-0025,Kids and Family Winback South Meta 25,146863,2247,1743.66,34
2025-04-30,act_998877,m-0026,Reality Launch Awareness US Meta 26,157582,2411,1871.01,36
2025-04-30,act_998877,m-0027,Sci-Fi Vault Prospecting West Meta 27,168301,2575,1998.36,39
2025-04-30,act_998877,m-0028,Movie Night Retargeting East Meta 28,82484,1262,979.59,19
2025-05-01,act_998877,m-0001,Paramount+ Spring Promo,243268,3722,2838.27,54
2025-05-01,act_998877,m-0002,Yellowstone S5 Launch,233137,3567,2720.01,52
2025-05-01,act_998877,m-0003,PAW Patrol: The Mighty Movie,223007,3412,2601.75,49
2025-05-01,act_998877,m-0004,Sports Weekend Trial Midwest Meta,117386,1796,1369.86,26
2025-05-01,act_998877,m-0005,Kids and Family Winback South Meta,128366,1964,1497.98,28
2025-05-01,act_998877,m-0006,Reality Launch Awareness US Meta,139346,2132,1626.09,31
2025-05-01,act_998877,m-0007,Sci-Fi Vault Prospecting West Meta,150327,2300,1754.21,33
2025-05-01,act_998877,m-0008,Movie Night Retargeting East Meta,161307,2468,1882.33,36
2025-05-01,act_998877,m-0009,Holiday Watchlist Trial Midwest Meta,172288,2636,2010.44,38
2025-05-01,act_998877,m-0010,Live Events Winback South Meta,84444,1292,985.51,19
2025-05-01,act_998877,m-0011,Library Retention Awareness US Meta,95425,1460,1113.63,21
2025-05-01,act_998877,m-0012,Premium Bundle Prospecting West Meta,106405,1628,1241.74,24
2025-05-01,act_998877,m-0013,Student Offer Retargeting East Meta,117386,1796,1369.86,26
2025-05-01,act_998877,m-0014,Family Plan Trial Midwest Meta,128366,1964,1497.98,28
2025-05-01,act_998877,m-0015,Winback Audience Winback South Meta,139346,2132,1626.09,31
2025-05-01,act_998877,m-0016,New Release Awareness US Meta,150327,2300,1754.21,33
2025-05-01,act_998877,m-0017,Binge Weekend Prospecting West Meta,161307,2468,1882.33,36
2025-05-01,act_998877,m-0018,Award Season Retargeting East Meta,172288,2636,2010.44,38
2025-05-01,act_998877,m-0019,Streaming Trial Trial Midwest Meta,84444,1292,985.51,19
2025-05-01,act_998877,m-0020,International Pack Winback South Meta,95425,1460,1113.63,21
2025-05-01,act_998877,m-0021,Paramount+ Originals Awareness US Meta,106405,1628,1241.74,24
2025-05-01,act_998877,m-0022,Drama Collection Prospecting West Meta,117386,1796,1369.86,26
2025-05-01,act_998877,m-0023,Comedy Classics Retargeting East Meta,128366,1964,1497.98,28
2025-05-01,act_998877,m-0024,Sports Weekend Trial Midwest Meta 24,139346,2132,1626.09,31
2025-05-01,act_998877,m-0025,Kids and Family Winback South Meta 25,150327,2300,1754.21,33
2025-05-01,act_998877,m-0026,Reality Launch Awareness US Meta 26,161307,2468,1882.33,36
2025-05-01,act_998877,m-0027,Sci-Fi Vault Prospecting West Meta 27,172288,2636,2010.44,38
2025-05-01,act_998877,m-0028,Movie Night Retargeting East Meta 28,84444,1292,985.51,19
2025-05-02,act_998877,m-0001,Paramount+ Spring Promo,278889,4267,3197.98,60
2025-05-02,act_998877,m-0002,Yellowstone S5 Launch,267255,4089,3064.73,57
2025-05-02,act_998877,m-0003,PAW Patrol: The Mighty Movie,255621,3911,2931.48,55
2025-05-02,act_998877,m-0004,Sports Weekend Trial Midwest Meta,134575,2059,1543.47,29
2025-05-02,act_998877,m-0005,Kids and Family Winback South Meta,147190,2252,1687.82,31
2025-05-02,act_998877,m-0006,Reality Launch Awareness US Meta,159739,2444,1832.17,34
2025-05-02,act_998877,m-0007,Sci-Fi Vault Prospecting West Meta,172353,2637,1976.53,37
2025-05-02,act_998877,m-0008,Movie Night Retargeting East Meta,184967,2830,2120.88,40
2025-05-02,act_998877,m-0009,Holiday Watchlist Trial Midwest Meta,197516,3022,2265.23,42
2025-05-02,act_998877,m-0010,Live Events Winback South Meta,96797,1481,1110.41,21
2025-05-02,act_998877,m-0011,Library Retention Awareness US Meta,109412,1674,1254.76,23
2025-05-02,act_998877,m-0012,Premium Bundle Prospecting West Meta,122026,1867,1399.12,26
2025-05-02,act_998877,m-0013,Student Offer Retargeting East Meta,134575,2059,1543.47,29
2025-05-02,act_998877,m-0014,Family Plan Trial Midwest Meta,147190,2252,1687.82,31
2025-05-02,act_998877,m-0015,Winback Audience Winback South Meta,159739,2444,1832.17,34
2025-05-02,act_998877,m-0016,New Release Awareness US Meta,172353,2637,1976.53,37
2025-05-02,act_998877,m-0017,Binge Weekend Prospecting West Meta,184967,2830,2120.88,40
2025-05-02,act_998877,m-0018,Award Season Retargeting East Meta,197516,3022,2265.23,42
2025-05-02,act_998877,m-0019,Streaming Trial Trial Midwest Meta,96797,1481,1110.41,21
2025-05-02,act_998877,m-0020,International Pack Winback South Meta,109412,1674,1254.76,23
2025-05-02,act_998877,m-0021,Paramount+ Originals Awareness US Meta,122026,1867,1399.12,26
2025-05-02,act_998877,m-0022,Drama Collection Prospecting West Meta,134575,2059,1543.47,29
2025-05-02,act_998877,m-0023,Comedy Classics Retargeting East Meta,147190,2252,1687.82,31
2025-05-02,act_998877,m-0024,Sports Weekend Trial Midwest Meta 24,159739,2444,1832.17,34
2025-05-02,act_998877,m-0025,Kids and Family Winback South Meta 25,172353,2637,1976.53,37
2025-05-02,act_998877,m-0026,Reality Launch Awareness US Meta 26,184967,2830,2120.88,40
2025-05-02,act_998877,m-0027,Sci-Fi Vault Prospecting West Meta 27,197516,3022,2265.23,42
2025-05-02,act_998877,m-0028,Movie Night Retargeting East Meta 28,96797,1481,1110.41,21
2025-05-03,act_998877,m-0001,Paramount+ Spring Promo,251765,3852,3217.09,67
2025-05-03,act_998877,m-0002,Yellowstone S5 Launch,241307,3692,3083.04,64
2025-05-03,act_998877,m-0003,PAW Patrol: The Mighty Movie,230784,3531,2949.0,61
2025-05-03,act_998877,m-0004,Sports Weekend Trial Midwest Meta,121503,1859,1552.69,32
2025-05-03,act_998877,m-0005,Kids and Family Winback South Meta,132876,2033,1697.91,35
2025-05-03,act_998877,m-0006,Reality Launch Awareness US Meta,144248,2207,1843.12,38
2025-05-03,act_998877,m-0007,Sci-Fi Vault Prospecting West Meta,155621,2381,1988.34,41
2025-05-03,act_998877,m-0008,Movie Night Retargeting East Meta,166993,2555,2133.56,44
2025-05-03,act_998877,m-0009,Holiday Watchlist Trial Midwest Meta,178366,2729,2278.77,47
2025-05-03,act_998877,m-0010,Live Events Winback South Meta,87451,1338,1117.04,23
2025-05-03,act_998877,m-0011,Library Retention Awareness US Meta,98824,1512,1262.26,26
2025-05-03,act_998877,m-0012,Premium Bundle Prospecting West Meta,110131,1685,1407.48,29
2025-05-03,act_998877,m-0013,Student Offer Retargeting East Meta,121503,1859,1552.69,32
2025-05-03,act_998877,m-0014,Family Plan Trial Midwest Meta,132876,2033,1697.91,35
2025-05-03,act_998877,m-0015,Winback Audience Winback South Meta,144248,2207,1843.12,38
2025-05-03,act_998877,m-0016,New Release Awareness US Meta,155621,2381,1988.34,41
2025-05-03,act_998877,m-0017,Binge Weekend Prospecting West Meta,166993,2555,2133.56,44
2025-05-03,act_998877,m-0018,Award Season Retargeting East Meta,178366,2729,2278.77,47
2025-05-03,act_998877,m-0019,Streaming Trial Trial Midwest Meta,87451,1338,1117.04,23
2025-05-03,act_998877,m-0020,International Pack Winback South Meta,98824,1512,1262.26,26
2025-05-03,act_998877,m-0021,Paramount+ Originals Awareness US Meta,110131,1685,1407.48,29
2025-05-03,act_998877,m-0022,Drama Collection Prospecting West Meta,121503,1859,1552.69,32
2025-05-03,act_998877,m-0023,Comedy Classics Retargeting East Meta,132876,2033,1697.91,35
2025-05-03,act_998877,m-0024,Sports Weekend Trial Midwest Meta 24,144248,2207,1843.12,38
2025-05-03,act_998877,m-0025,Kids and Family Winback South Meta 25,155621,2381,1988.34,41
2025-05-03,act_998877,m-0026,Reality Launch Awareness US Meta 26,166993,2555,2133.56,44
2025-05-03,act_998877,m-0027,Sci-Fi Vault Prospecting West Meta 27,178366,2729,2278.77,47
2025-05-03,act_998877,m-0028,Movie Night Retargeting East Meta 28,87451,1338,1117.04,23
2025-05-04,act_998877,m-0001,Paramount+ Spring Promo,258105,3949,3236.2,66
2025-05-04,act_998877,m-0002,Yellowstone S5 Launch,247320,3784,3101.36,63
2025-05-04,act_998877,m-0003,PAW Patrol: The Mighty Movie,236601,3620,2966.52,61
2025-05-04,act_998877,m-0004,Sports Weekend Trial Midwest Meta,124575,1906,1561.92,32
2025-05-04,act_998877,m-0005,Kids and Family Winback South Meta,136209,2084,1707.99,35
2025-05-04,act_998877,m-0006,Reality Launch Awareness US Meta,147843,2262,1854.07,38
2025-05-04,act_998877,m-0007,Sci-Fi Vault Prospecting West Meta,159542,2441,2000.15,41
2025-05-04,act_998877,m-0008,Movie Night Retargeting East Meta,171176,2619,2146.23,44
2025-05-04,act_998877,m-0009,Holiday Watchlist Trial Midwest Meta,182810,2797,2292.31,47
2025-05-04,act_998877,m-0010,Live Events Winback South Meta,89608,1371,1123.68,23
2025-05-04,act_998877,m-0011,Library Retention Awareness US Meta,101242,1549,1269.76,26
2025-05-04,act_998877,m-0012,Premium Bundle Prospecting West Meta,112941,1728,1415.84,29
2025-05-04,act_998877,m-0013,Student Offer Retargeting East Meta,124575,1906,1561.92,32
2025-05-04,act_998877,m-0014,Family Plan Trial Midwest Meta,136209,2084,1707.99,35
2025-05-04,act_998877,m-0015,Winback Audience Winback South Meta,147843,2262,1854.07,38
2025-05-04,act_998877,m-0016,New Release Awareness US Meta,159542,2441,2000.15,41
2025-05-04,act_998877,m-0017,Binge Weekend Prospecting West Meta,171176,2619,2146.23,44
2025-05-04,act_998877,m-0018,Award Season Retargeting East Meta,182810,2797,2292.31,47
2025-05-04,act_998877,m-0019,Streaming Trial Trial Midwest Meta,89608,1371,1123.68,23
2025-05-04,act_998877,m-0020,International Pack Winback South Meta,101242,1549,1269.76,26
2025-05-04,act_998877,m-0021,Paramount+ Originals Awareness US Meta,112941,1728,1415.84,29
2025-05-04,act_998877,m-0022,Drama Collection Prospecting West Meta,124575,1906,1561.92,32
2025-05-04,act_998877,m-0023,Comedy Classics Retargeting East Meta,136209,2084,1707.99,35
2025-05-04,act_998877,m-0024,Sports Weekend Trial Midwest Meta 24,147843,2262,1854.07,38
2025-05-04,act_998877,m-0025,Kids and Family Winback South Meta 25,159542,2441,2000.15,41
2025-05-04,act_998877,m-0026,Reality Launch Awareness US Meta 26,171176,2619,2146.23,44
2025-05-04,act_998877,m-0027,Sci-Fi Vault Prospecting West Meta 27,182810,2797,2292.31,47
2025-05-04,act_998877,m-0028,Movie Night Retargeting East Meta 28,89608,1371,1123.68,23
2025-05-05,act_998877,m-0001,Paramount+ Spring Promo,302288,4625,3720.36,75
2025-05-05,act_998877,m-0002,Yellowstone S5 Launch,289673,4432,3565.34,72
2025-05-05,act_998877,m-0003,PAW Patrol: The Mighty Movie,277059,4239,3410.33,68
2025-05-05,act_998877,m-0004,Sports Weekend Trial Midwest Meta,145882,2232,1795.59,36
2025-05-05,act_998877,m-0005,Kids and Family Winback South Meta,159542,2441,1963.52,39
2025-05-05,act_998877,m-0006,Reality Launch Awareness US Meta,173137,2649,2131.45,43
2025-05-05,act_998877,m-0007,Sci-Fi Vault Prospecting West Meta,186797,2858,2299.39,46
2025-05-05,act_998877,m-0008,Movie Night Retargeting East Meta,200458,3067,2467.32,50
2025-05-05,act_998877,m-0009,Holiday Watchlist Trial Midwest Meta,214118,3276,2635.25,53
2025-05-05,act_998877,m-0010,Live Events Winback South Meta,104967,1606,1291.79,26
2025-05-05,act_998877,m-0011,Library Retention Awareness US Meta,118562,1814,1459.72,29
2025-05-05,act_998877,m-0012,Premium Bundle Prospecting West Meta,132222,2023,1627.66,33
2025-05-05,act_998877,m-0013,Student Offer Retargeting East Meta,145882,2232,1795.59,36
2025-05-05,act_998877,m-0014,Family Plan Trial Midwest Meta,159542,2441,1963.52,39
2025-05-05,act_998877,m-0015,Winback Audience Winback South Meta,173137,2649,2131.45,43
2025-05-05,act_998877,m-0016,New Release Awareness US Meta,186797,2858,2299.39,46
2025-05-05,act_998877,m-0017,Binge Weekend Prospecting West Meta,200458,3067,2467.32,50
2025-05-05,act_998877,m-0018,Award Season Retargeting East Meta,214118,3276,2635.25,53
2025-05-05,act_998877,m-0019,Streaming Trial Trial Midwest Meta,104967,1606,1291.79,26
2025-05-05,act_998877,m-0020,International Pack Winback South Meta,118562,1814,1459.72,29
2025-05-05,act_998877,m-0021,Paramount+ Originals Awareness US Meta,132222,2023,1627.66,33
2025-05-05,act_998877,m-0022,Drama Collection Prospecting West Meta,145882,2232,1795.59,36
2025-05-05,act_998877,m-0023,Comedy Classics Retargeting East Meta,159542,2441,1963.52,39
2025-05-05,act_998877,m-0024,Sports Weekend Trial Midwest Meta 24,173137,2649,2131.45,43
2025-05-05,act_998877,m-0025,Kids and Family Winback South Meta 25,186797,2858,2299.39,46
2025-05-05,act_998877,m-0026,Reality Launch Awareness US Meta 26,200458,3067,2467.32,50
2025-05-05,act_998877,m-0027,Sci-Fi Vault Prospecting West Meta 27,214118,3276,2635.25,53
2025-05-05,act_998877,m-0028,Movie Night Retargeting East Meta 28,104967,1606,1291.79,26
2025-05-06,act_998877,m-0001,Paramount+ Spring Promo,241895,3701,2923.59,58
2025-05-06,act_998877,m-0002,Yellowstone S5 Launch,231830,3547,2801.78,55
2025-05-06,act_998877,m-0003,PAW Patrol: The Mighty Movie,221699,3392,2679.96,53
2025-05-06,act_998877,m-0004,Sports Weekend Trial Midwest Meta,116732,1786,1411.04,28
2025-05-06,act_998877,m-0005,Kids and Family Winback South Meta,127647,1953,1543.01,30
2025-05-06,act_998877,m-0006,Reality Launch Awareness US Meta,138562,2120,1674.97,33
2025-05-06,act_998877,m-0007,Sci-Fi Vault Prospecting West Meta,149477,2287,1806.94,36
2025-05-06,act_998877,m-0008,Movie Night Retargeting East Meta,160392,2454,1938.91,38
2025-05-06,act_998877,m-0009,Holiday Watchlist Trial Midwest Meta,171307,2621,2070.88,41
2025-05-06,act_998877,m-0010,Live Events Winback South Meta,83987,1285,1015.14,20
2025-05-06,act_998877,m-0011,Library Retention Awareness US Meta,94902,1452,1147.1,23
2025-05-06,act_998877,m-0012,Premium Bundle Prospecting West Meta,105817,1619,1279.07,25
2025-05-06,act_998877,m-0013,Student Offer Retargeting East Meta,116732,1786,1411.04,28
2025-05-06,act_998877,m-0014,Family Plan Trial Midwest Meta,127647,1953,1543.01,30
2025-05-06,act_998877,m-0015,Winback Audience Winback South Meta,138562,2120,1674.97,33
2025-05-06,act_998877,m-0016,New Release Awareness US Meta,149477,2287,1806.94,36
2025-05-06,act_998877,m-0017,Binge Weekend Prospecting West Meta,160392,2454,1938.91,38
2025-05-06,act_998877,m-0018,Award Season Retargeting East Meta,171307,2621,2070.88,41
2025-05-06,act_998877,m-0019,Streaming Trial Trial Midwest Meta,83987,1285,1015.14,20
2025-05-06,act_998877,m-0020,International Pack Winback South Meta,94902,1452,1147.1,23
2025-05-06,act_998877,m-0021,Paramount+ Originals Awareness US Meta,105817,1619,1279.07,25
2025-05-06,act_998877,m-0022,Drama Collection Prospecting West Meta,116732,1786,1411.04,28
2025-05-06,act_998877,m-0023,Comedy Classics Retargeting East Meta,127647,1953,1543.01,30
2025-05-06,act_998877,m-0024,Sports Weekend Trial Midwest Meta 24,138562,2120,1674.97,33
2025-05-06,act_998877,m-0025,Kids and Family Winback South Meta 25,149477,2287,1806.94,36
2025-05-06,act_998877,m-0026,Reality Launch Awareness US Meta 26,160392,2454,1938.91,38
2025-05-06,act_998877,m-0027,Sci-Fi Vault Prospecting West Meta 27,171307,2621,2070.88,41
2025-05-06,act_998877,m-0028,Movie Night Retargeting East Meta 28,83987,1285,1015.14,20
2025-05-07,act_998877,m-0001,Paramount+ Spring Promo,247647,3789,2940.66,57
2025-05-07,act_998877,m-0002,Yellowstone S5 Launch,237320,3631,2818.13,55
2025-05-07,act_998877,m-0003,PAW Patrol: The Mighty Movie,227059,3474,2695.6,52
2025-05-07,act_998877,m-0004,Sports Weekend Trial Midwest Meta,119542,1829,1419.28,27
2025-05-07,act_998877,m-0005,Kids and Family Winback South Meta,130719,2000,1552.01,30
2025-05-07,act_998877,m-0006,Reality Launch Awareness US Meta,141895,2171,1684.75,33
2025-05-07,act_998877,m-0007,Sci-Fi Vault Prospecting West Meta,153072,2342,1817.49,35
2025-05-07,act_998877,m-0008,Movie Night Retargeting East Meta,164248,2513,1950.23,38
2025-05-07,act_998877,m-0009,Holiday Watchlist Trial Midwest Meta,175425,2684,2082.96,40
2025-05-07,act_998877,m-0010,Live Events Winback South Meta,86013,1316,1021.06,20
2025-05-07,act_998877,m-0011,Library Retention Awareness US Meta,97190,1487,1153.8,22
2025-05-07,act_998877,m-0012,Premium Bundle Prospecting West Meta,108366,1658,1286.54,25
2025-05-07,act_998877,m-0013,Student Offer Retargeting East Meta,119542,1829,1419.28,27
2025-05-07,act_998877,m-0014,Family Plan Trial Midwest Meta,130719,2000,1552.01,30
2025-05-07,act_998877,m-0015,Winback Audience Winback South Meta,141895,2171,1684.75,33
2025-05-07,act_998877,m-0016,New Release Awareness US Meta,153072,2342,1817.49,35
2025-05-07,act_998877,m-0017,Binge Weekend Prospecting West Meta,164248,2513,1950.23,38
2025-05-07,act_998877,m-0018,Award Season Retargeting East Meta,175425,2684,2082.96,40
2025-05-07,act_998877,m-0019,Streaming Trial Trial Midwest Meta,86013,1316,1021.06,20
2025-05-07,act_998877,m-0020,International Pack Winback South Meta,97190,1487,1153.8,22
2025-05-07,act_998877,m-0021,Paramount+ Originals Awareness US Meta,108366,1658,1286.54,25
2025-05-07,act_998877,m-0022,Drama Collection Prospecting West Meta,119542,1829,1419.28,27
2025-05-07,act_998877,m-0023,Comedy Classics Retargeting East Meta,130719,2000,1552.01,30
2025-05-07,act_998877,m-0024,Sports Weekend Trial Midwest Meta 24,141895,2171,1684.75,33
2025-05-07,act_998877,m-0025,Kids and Family Winback South Meta 25,153072,2342,1817.49,35
2025-05-07,act_998877,m-0026,Reality Launch Awareness US Meta 26,164248,2513,1950.23,38
2025-05-07,act_998877,m-0027,Sci-Fi Vault Prospecting West Meta 27,175425,2684,2082.96,40
2025-05-07,act_998877,m-0028,Movie Night Retargeting East Meta 28,86013,1316,1021.06,20
2025-05-08,act_998877,m-0001,Paramount+ Spring Promo,253529,3879,2957.72,56
2025-05-08,act_998877,m-0002,Yellowstone S5 Launch,242941,3717,2834.48,54
2025-05-08,act_998877,m-0003,PAW Patrol: The Mighty Movie,232418,3556,2711.24,52
2025-05-08,act_998877,m-0004,Sports Weekend Trial Midwest Meta,122353,1872,1427.51,27
2025-05-08,act_998877,m-0005,Kids and Family Winback South Meta,133791,2047,1561.02,30
2025-05-08,act_998877,m-0006,Reality Launch Awareness US Meta,145229,2222,1694.53,32
2025-05-08,act_998877,m-0007,Sci-Fi Vault Prospecting West Meta,156667,2397,1828.04,35
2025-05-08,act_998877,m-0008,Movie Night Retargeting East Meta,168105,2572,1961.54,37
2025-05-08,act_998877,m-0009,Holiday Watchlist Trial Midwest Meta,179542,2747,2095.05,40
2025-05-08,act_998877,m-0010,Live Events Winback South Meta,88039,1347,1026.99,20
2025-05-08,act_998877,m-0011,Library Retention Awareness US Meta,99477,1522,1160.49,22
2025-05-08,act_998877,m-0012,Premium Bundle Prospecting West Meta,110915,1697,1294.0,25
2025-05-08,act_998877,m-0013,Student Offer Retargeting East Meta,122353,1872,1427.51,27
2025-05-08,act_998877,m-0014,Family Plan Trial Midwest Meta,133791,2047,1561.02,30
2025-05-08,act_998877,m-0015,Winback Audience Winback South Meta,145229,2222,1694.53,32
2025-05-08,act_998877,m-0016,New Release Awareness US Meta,156667,2397,1828.04,35
2025-05-08,act_998877,m-0017,Binge Weekend Prospecting West Meta,168105,2572,1961.54,37
2025-05-08,act_998877,m-0018,Award Season Retargeting East Meta,179542,2747,2095.05,40
2025-05-08,act_998877,m-0019,Streaming Trial Trial Midwest Meta,88039,1347,1026.99,20
2025-05-08,act_998877,m-0020,International Pack Winback South Meta,99477,1522,1160.49,22
2025-05-08,act_998877,m-0021,Paramount+ Originals Awareness US Meta,110915,1697,1294.0,25
2025-05-08,act_998877,m-0022,Drama Collection Prospecting West Meta,122353,1872,1427.51,27
2025-05-08,act_998877,m-0023,Comedy Classics Retargeting East Meta,133791,2047,1561.02,30
2025-05-08,act_998877,m-0024,Sports Weekend Trial Midwest Meta 24,145229,2222,1694.53,32
2025-05-08,act_998877,m-0025,Kids and Family Winback South Meta 25,156667,2397,1828.04,35
2025-05-08,act_998877,m-0026,Reality Launch Awareness US Meta 26,168105,2572,1961.54,37
2025-05-08,act_998877,m-0027,Sci-Fi Vault Prospecting West Meta 27,179542,2747,2095.05,40
2025-05-08,act_998877,m-0028,Movie Night Retargeting East Meta 28,88039,1347,1026.99,20
2025-05-09,act_998877,m-0001,Paramount+ Spring Promo,290523,4445,3331.76,62
2025-05-09,act_998877,m-0002,Yellowstone S5 Launch,278431,4260,3192.93,60
2025-05-09,act_998877,m-0003,PAW Patrol: The Mighty Movie,266340,4075,3054.11,57
2025-05-09,act_998877,m-0004,Sports Weekend Trial Midwest Meta,140196,2145,1608.04,30
2025-05-09,act_998877,m-0005,Kids and Family Winback South Meta,153333,2346,1758.43,33
2025-05-09,act_998877,m-0006,Reality Launch Awareness US Meta,166471,2547,1908.82,36
2025-05-09,act_998877,m-0007,Sci-Fi Vault Prospecting West Meta,179542,2747,2059.21,38
2025-05-09,act_998877,m-0008,Movie Night Retargeting East Meta,192680,2948,2209.6,41
2025-05-09,act_998877,m-0009,Holiday Watchlist Trial Midwest Meta,205817,3149,2360.0,44
2025-05-09,act_998877,m-0010,Live Events Winback South Meta,100850,1543,1156.86,22
2025-05-09,act_998877,m-0011,Library Retention Awareness US Meta,113987,1744,1307.25,24
2025-05-09,act_998877,m-0012,Premium Bundle Prospecting West Meta,127124,1945,1457.64,27
2025-05-09,act_998877,m-0013,Student Offer Retargeting East Meta,140196,2145,1608.04,30
2025-05-09,act_998877,m-0014,Family Plan Trial Midwest Meta,153333,2346,1758.43,33
2025-05-09,act_998877,m-0015,Winback Audience Winback South Meta,166471,2547,1908.82,36
2025-05-09,act_998877,m-0016,New Release Awareness US Meta,179542,2747,2059.21,38
2025-05-09,act_998877,m-0017,Binge Weekend Prospecting West Meta,192680,2948,2209.6,41
2025-05-09,act_998877,m-0018,Award Season Retargeting East Meta,205817,3149,2360.0,44
2025-05-09,act_998877,m-0019,Streaming Trial Trial Midwest Meta,100850,1543,1156.86,22
2025-05-09,act_998877,m-0020,International Pack Winback South Meta,113987,1744,1307.25,24
2025-05-09,act_998877,m-0021,Paramount+ Originals Awareness US Meta,127124,1945,1457.64,27
2025-05-09,act_998877,m-0022,Drama Collection Prospecting West Meta,140196,2145,1608.04,30
2025-05-09,act_998877,m-0023,Comedy Classics Retargeting East Meta,153333,2346,1758.43,33
2025-05-09,act_998877,m-0024,Sports Weekend Trial Midwest Meta 24,166471,2547,1908.82,36
2025-05-09,act_998877,m-0025,Kids and Family Winback South Meta 25,179542,2747,2059.21,38
2025-05-09,act_998877,m-0026,Reality Launch Awareness US Meta 26,192680,2948,2209.6,41
2025-05-09,act_998877,m-0027,Sci-Fi Vault Prospecting West Meta 27,205817,3149,2360.0,44
2025-05-09,act_998877,m-0028,Movie Night Retargeting East Meta 28,100850,1543,1156.86,22
2025-05-10,act_998877,m-0001,Paramount+ Spring Promo,262288,4013,3350.87,70
2025-05-10,act_998877,m-0002,Yellowstone S5 Launch,251307,3845,3211.25,67
2025-05-10,act_998877,m-0003,PAW Patrol: The Mighty Movie,240392,3678,3071.63,64
2025-05-10,act_998877,m-0004,Sports Weekend Trial Midwest Meta,126601,1937,1617.26,34
2025-05-10,act_998877,m-0005,Kids and Family Winback South Meta,138431,2118,1768.51,37
2025-05-10,act_998877,m-0006,Reality Launch Awareness US Meta,150261,2299,1919.77,40
2025-05-10,act_998877,m-0007,Sci-Fi Vault Prospecting West Meta,162092,2480,2071.02,43
2025-05-10,act_998877,m-0008,Movie Night Retargeting East Meta,173922,2661,2222.28,46
2025-05-10,act_998877,m-0009,Holiday Watchlist Trial Midwest Meta,185752,2842,2373.53,49
2025-05-10,act_998877,m-0010,Live Events Winback South Meta,91046,1393,1163.5,24
2025-05-10,act_998877,m-0011,Library Retention Awareness US Meta,102876,1574,1314.75,27
2025-05-10,act_998877,m-0012,Premium Bundle Prospecting West Meta,114706,1755,1466.01,30
2025-05-10,act_998877,m-0013,Student Offer Retargeting East Meta,126601,1937,1617.26,34
2025-05-10,act_998877,m-0014,Family Plan Trial Midwest Meta,138431,2118,1768.51,37
2025-05-10,act_998877,m-0015,Winback Audience Winback South Meta,150261,2299,1919.77,40
2025-05-10,act_998877,m-0016,New Release Awareness US Meta,162092,2480,2071.02,43
2025-05-10,act_998877,m-0017,Binge Weekend Prospecting West Meta,173922,2661,2222.28,46
2025-05-10,act_998877,m-0018,Award Season Retargeting East Meta,185752,2842,2373.53,49
2025-05-10,act_998877,m-0019,Streaming Trial Trial Midwest Meta,91046,1393,1163.5,24
2025-05-10,act_998877,m-0020,International Pack Winback South Meta,102876,1574,1314.75,27
2025-05-10,act_998877,m-0021,Paramount+ Originals Awareness US Meta,114706,1755,1466.01,30
2025-05-10,act_998877,m-0022,Drama Collection Prospecting West Meta,126601,1937,1617.26,34
2025-05-10,act_998877,m-0023,Comedy Classics Retargeting East Meta,138431,2118,1768.51,37
2025-05-10,act_998877,m-0024,Sports Weekend Trial Midwest Meta 24,150261,2299,1919.77,40
2025-05-10,act_998877,m-0025,Kids and Family Winback South Meta 25,162092,2480,2071.02,43
2025-05-10,act_998877,m-0026,Reality Launch Awareness US Meta 26,173922,2661,2222.28,46
2025-05-10,act_998877,m-0027,Sci-Fi Vault Prospecting West Meta 27,185752,2842,2373.53,49
2025-05-10,act_998877,m-0028,Movie Night Retargeting East Meta 28,91046,1393,1163.5,24
2025-05-11,act_998877,m-0001,Paramount+ Spring Promo,268758,4112,3369.98,69
2025-05-11,act_998877,m-0002,Yellowstone S5 Launch,257582,3941,3229.56,66
2025-05-11,act_998877,m-0003,PAW Patrol: The Mighty Movie,246405,3770,3089.15,63
2025-05-11,act_998877,m-0004,Sports Weekend Trial Midwest Meta,129739,1985,1626.48,33
2025-05-11,act_998877,m-0005,Kids and Family Winback South Meta,141830,2170,1778.6,36
2025-05-11,act_998877,m-0006,Reality Launch Awareness US Meta,153987,2356,1930.72,39
2025-05-11,act_998877,m-0007,Sci-Fi Vault Prospecting West Meta,166144,2542,2082.84,43
2025-05-11,act_998877,m-0008,Movie Night Retargeting East Meta,178235,2727,2234.95,46
2025-05-11,act_998877,m-0009,Holiday Watchlist Trial Midwest Meta,190392,2913,2387.07,49
2025-05-11,act_998877,m-0010,Live Events Winback South Meta,93333,1428,1170.13,24
2025-05-11,act_998877,m-0011,Library Retention Awareness US Meta,105425,1613,1322.25,27
2025-05-11,act_998877,m-0012,Premium Bundle Prospecting West Meta,117582,1799,1474.37,30
2025-05-11,act_998877,m-0013,Student Offer Retargeting East Meta,129739,1985,1626.48,33
2025-05-11,act_998877,m-0014,Family Plan Trial Midwest Meta,141830,2170,1778.6,36
2025-05-11,act_998877,m-0015,Winback Audience Winback South Meta,153987,2356,1930.72,39
2025-05-11,act_998877,m-0016,New Release Awareness US Meta,166144,2542,2082.84,43
2025-05-11,act_998877,m-0017,Binge Weekend Prospecting West Meta,178235,2727,2234.95,46
2025-05-11,act_998877,m-0018,Award Season Retargeting East Meta,190392,2913,2387.07,49
2025-05-11,act_998877,m-0019,Streaming Trial Trial Midwest Meta,93333,1428,1170.13,24
2025-05-11,act_998877,m-0020,International Pack Winback South Meta,105425,1613,1322.25,27
2025-05-11,act_998877,m-0021,Paramount+ Originals Awareness US Meta,117582,1799,1474.37,30
2025-05-11,act_998877,m-0022,Drama Collection Prospecting West Meta,129739,1985,1626.48,33
2025-05-11,act_998877,m-0023,Comedy Classics Retargeting East Meta,141830,2170,1778.6,36
2025-05-11,act_998877,m-0024,Sports Weekend Trial Midwest Meta 24,153987,2356,1930.72,39
2025-05-11,act_998877,m-0025,Kids and Family Winback South Meta 25,166144,2542,2082.84,43
2025-05-11,act_998877,m-0026,Reality Launch Awareness US Meta 26,178235,2727,2234.95,46
2025-05-11,act_998877,m-0027,Sci-Fi Vault Prospecting West Meta 27,190392,2913,2387.07,49
2025-05-11,act_998877,m-0028,Movie Night Retargeting East Meta 28,93333,1428,1170.13,24
2025-05-12,act_998877,m-0001,Paramount+ Spring Promo,245817,3761,3025.98,61
2025-05-12,act_998877,m-0002,Yellowstone S5 Launch,235621,3605,2899.89,58
2025-05-12,act_998877,m-0003,PAW Patrol: The Mighty Movie,225359,3448,2773.81,56
2025-05-12,act_998877,m-0004,Sports Weekend Trial Midwest Meta,118627,1815,1460.45,29
2025-05-12,act_998877,m-0005,Kids and Family Winback South Meta,129739,1985,1597.04,32
2025-05-12,act_998877,m-0006,Reality Launch Awareness US Meta,140850,2155,1733.63,35
2025-05-12,act_998877,m-0007,Sci-Fi Vault Prospecting West Meta,151961,2325,1870.22,38
2025-05-12,act_998877,m-0008,Movie Night Retargeting East Meta,163072,2495,2006.81,40
2025-05-12,act_998877,m-0009,Holiday Watchlist Trial Midwest Meta,174118,2664,2143.4,43
2025-05-12,act_998877,m-0010,Live Events Winback South Meta,85359,1306,1050.69,21
2025-05-12,act_998877,m-0011,Library Retention Awareness US Meta,96471,1476,1187.28,24
2025-05-12,act_998877,m-0012,Premium Bundle Prospecting West Meta,107582,1646,1323.86,27
2025-05-12,act_998877,m-0013,Student Offer Retargeting East Meta,118627,1815,1460.45,29
2025-05-12,act_998877,m-0014,Family Plan Trial Midwest Meta,129739,1985,1597.04,32
2025-05-12,act_998877,m-0015,Winback Audience Winback South Meta,140850,2155,1733.63,35
2025-05-12,act_998877,m-0016,New Release Awareness US Meta,151961,2325,1870.22,38
2025-05-12,act_998877,m-0017,Binge Weekend Prospecting West Meta,163072,2495,2006.81,40
2025-05-12,act_998877,m-0018,Award Season Retargeting East Meta,174118,2664,2143.4,43
2025-05-12,act_998877,m-0019,Streaming Trial Trial Midwest Meta,85359,1306,1050.69,21
2025-05-12,act_998877,m-0020,International Pack Winback South Meta,96471,1476,1187.28,24
2025-05-12,act_998877,m-0021,Paramount+ Originals Awareness US Meta,107582,1646,1323.86,27
2025-05-12,act_998877,m-0022,Drama Collection Prospecting West Meta,118627,1815,1460.45,29
2025-05-12,act_998877,m-0023,Comedy Classics Retargeting East Meta,129739,1985,1597.04,32
2025-05-12,act_998877,m-0024,Sports Weekend Trial Midwest Meta 24,140850,2155,1733.63,35
2025-05-12,act_998877,m-0025,Kids and Family Winback South Meta 25,151961,2325,1870.22,38
2025-05-12,act_998877,m-0026,Reality Launch Awareness US Meta 26,163072,2495,2006.81,40
2025-05-12,act_998877,m-0027,Sci-Fi Vault Prospecting West Meta 27,174118,2664,2143.4,43
2025-05-12,act_998877,m-0028,Movie Night Retargeting East Meta 28,85359,1306,1050.69,21
2025-05-13,act_998877,m-0001,Paramount+ Spring Promo,322222,4930,3895.09,77
2025-05-13,act_998877,m-0002,Yellowstone S5 Launch,308824,4725,3732.79,74
2025-05-13,act_998877,m-0003,PAW Patrol: The Mighty Movie,295425,4520,3570.5,70
2025-05-13,act_998877,m-0004,Sports Weekend Trial Midwest Meta,155556,2380,1879.92,37
2025-05-13,act_998877,m-0005,Kids and Family Winback South Meta,170065,2602,2055.74,41
2025-05-13,act_998877,m-0006,Reality Launch Awareness US Meta,184641,2825,2231.56,44
2025-05-13,act_998877,m-0007,Sci-Fi Vault Prospecting West Meta,199150,3047,2407.38,47
2025-05-13,act_998877,m-0008,Movie Night Retargeting East Meta,213725,3270,2583.2,51
2025-05-13,act_998877,m-0009,Holiday Watchlist Trial Midwest Meta,228235,3492,2759.02,54
2025-05-13,act_998877,m-0010,Live Events Winback South Meta,111895,1712,1352.46,27
2025-05-13,act_998877,m-0011,Library Retention Awareness US Meta,126471,1935,1528.28,30
2025-05-13,act_998877,m-0012,Premium Bundle Prospecting West Meta,140980,2157,1704.1,34
2025-05-13,act_998877,m-0013,Student Offer Retargeting East Meta,155556,2380,1879.92,37
2025-05-13,act_998877,m-0014,Family Plan Trial Midwest Meta,170065,2602,2055.74,41
2025-05-13,act_998877,m-0015,Winback Audience Winback South Meta,184641,2825,2231.56,44
2025-05-13,act_998877,m-0016,New Release Awareness US Meta,199150,3047,2407.38,47
2025-05-13,act_998877,m-0017,Binge Weekend Prospecting West Meta,213725,3270,2583.2,51
2025-05-13,act_998877,m-0018,Award Season Retargeting East Meta,228235,3492,2759.02,54
2025-05-13,act_998877,m-0019,Streaming Trial Trial Midwest Meta,111895,1712,1352.46,27
2025-05-13,act_998877,m-0020,International Pack Winback South Meta,126471,1935,1528.28,30
2025-05-13,act_998877,m-0021,Paramount+ Originals Awareness US Meta,140980,2157,1704.1,34
2025-05-13,act_998877,m-0022,Drama Collection Prospecting West Meta,155556,2380,1879.92,37
2025-05-13,act_998877,m-0023,Comedy Classics Retargeting East Meta,170065,2602,2055.74,41
2025-05-13,act_998877,m-0024,Sports Weekend Trial Midwest Meta 24,184641,2825,2231.56,44
2025-05-13,act_998877,m-0025,Kids and Family Winback South Meta 25,199150,3047,2407.38,47
2025-05-13,act_998877,m-0026,Reality Launch Awareness US Meta 26,213725,3270,2583.2,51
2025-05-13,act_998877,m-0027,Sci-Fi Vault Prospecting West Meta 27,228235,3492,2759.02,54
2025-05-13,act_998877,m-0028,Movie Night Retargeting East Meta 28,111895,1712,1352.46,27
2025-05-14,act_998877,m-0001,Paramount+ Spring Promo,257712,3943,3060.1,59
2025-05-14,act_998877,m-0002,Yellowstone S5 Launch,246993,3779,2932.6,57
2025-05-14,act_998877,m-0003,PAW Patrol: The Mighty Movie,236275,3615,2805.09,54
2025-05-14,act_998877,m-0004,Sports Weekend Trial Midwest Meta,124379,1903,1476.92,29
2025-05-14,act_998877,m-0005,Kids and Family Winback South Meta,136013,2081,1615.05,31
2025-05-14,act_998877,m-0006,Reality Launch Awareness US Meta,147647,2259,1753.18,34
2025-05-14,act_998877,m-0007,Sci-Fi Vault Prospecting West Meta,159281,2437,1891.31,37
2025-05-14,act_998877,m-0008,Movie Night Retargeting East Meta,170915,2615,2029.44,39
2025-05-14,act_998877,m-0009,Holiday Watchlist Trial Midwest Meta,182549,2793,2167.57,42
2025-05-14,act_998877,m-0010,Live Events Winback South Meta,89477,1369,1062.54,21
2025-05-14,act_998877,m-0011,Library Retention Awareness US Meta,101111,1547,1200.67,23
2025-05-14,act_998877,m-0012,Premium Bundle Prospecting West Meta,112745,1725,1338.79,26
2025-05-14,act_998877,m-0013,Student Offer Retargeting East Meta,124379,1903,1476.92,29
2025-05-14,act_998877,m-0014,Family Plan Trial Midwest Meta,136013,2081,1615.05,31
2025-05-14,act_998877,m-0015,Winback Audience Winback South Meta,147647,2259,1753.18,34
2025-05-14,act_998877,m-0016,New Release Awareness US Meta,159281,2437,1891.31,37
2025-05-14,act_998877,m-0017,Binge Weekend Prospecting West Meta,170915,2615,2029.44,39
2025-05-14,act_998877,m-0018,Award Season Retargeting East Meta,182549,2793,2167.57,42
2025-05-14,act_998877,m-0019,Streaming Trial Trial Midwest Meta,89477,1369,1062.54,21
2025-05-14,act_998877,m-0020,International Pack Winback South Meta,101111,1547,1200.67,23
2025-05-14,act_998877,m-0021,Paramount+ Originals Awareness US Meta,112745,1725,1338.79,26
2025-05-14,act_998877,m-0022,Drama Collection Prospecting West Meta,124379,1903,1476.92,29
2025-05-14,act_998877,m-0023,Comedy Classics Retargeting East Meta,136013,2081,1615.05,31
2025-05-14,act_998877,m-0024,Sports Weekend Trial Midwest Meta 24,147647,2259,1753.18,34
2025-05-14,act_998877,m-0025,Kids and Family Winback South Meta 25,159281,2437,1891.31,37
2025-05-14,act_998877,m-0026,Reality Launch Awareness US Meta 26,170915,2615,2029.44,39
2025-05-14,act_998877,m-0027,Sci-Fi Vault Prospecting West Meta 27,182549,2793,2167.57,42
2025-05-14,act_998877,m-0028,Movie Night Retargeting East Meta 28,89477,1369,1062.54,21
2025-05-15,act_998877,m-0001,Paramount+ Spring Promo,263725,4035,3077.17,59
2025-05-15,act_998877,m-0002,Yellowstone S5 Launch,252745,3867,2948.95,56
2025-05-15,act_998877,m-0003,PAW Patrol: The Mighty Movie,241765,3699,2820.74,54
2025-05-15,act_998877,m-0004,Sports Weekend Trial Midwest Meta,127320,1948,1485.16,28
2025-05-15,act_998877,m-0005,Kids and Family Winback South Meta,139216,2130,1624.06,31
2025-05-15,act_998877,m-0006,Reality Launch Awareness US Meta,151111,2312,1762.96,34
2025-05-15,act_998877,m-0007,Sci-Fi Vault Prospecting West Meta,163007,2494,1901.86,36
2025-05-15,act_998877,m-0008,Movie Night Retargeting East Meta,174902,2676,2040.76,39
2025-05-15,act_998877,m-0009,Holiday Watchlist Trial Midwest Meta,186797,2858,2179.66,41
2025-05-15,act_998877,m-0010,Live Events Winback South Meta,91569,1401,1068.46,20
2025-05-15,act_998877,m-0011,Library Retention Awareness US Meta,103464,1583,1207.36,23
2025-05-15,act_998877,m-0012,Premium Bundle Prospecting West Meta,115359,1765,1346.26,26
2025-05-15,act_998877,m-0013,Student Offer Retargeting East Meta,127320,1948,1485.16,28
2025-05-15,act_998877,m-0014,Family Plan Trial Midwest Meta,139216,2130,1624.06,31
2025-05-15,act_998877,m-0015,Winback Audience Winback South Meta,151111,2312,1762.96,34
2025-05-15,act_998877,m-0016,New Release Awareness US Meta,163007,2494,1901.86,36
2025-05-15,act_998877,m-0017,Binge Weekend Prospecting West Meta,174902,2676,2040.76,39
2025-05-15,act_998877,m-0018,Award Season Retargeting East Meta,186797,2858,2179.66,41
2025-05-15,act_998877,m-0019,Streaming Trial Trial Midwest Meta,91569,1401,1068.46,20
2025-05-15,act_998877,m-0020,International Pack Winback South Meta,103464,1583,1207.36,23
2025-05-15,act_998877,m-0021,Paramount+ Originals Awareness US Meta,115359,1765,1346.26,26
2025-05-15,act_998877,m-0022,Drama Collection Prospecting West Meta,127320,1948,1485.16,28
2025-05-15,act_998877,m-0023,Comedy Classics Retargeting East Meta,139216,2130,1624.06,31
2025-05-15,act_998877,m-0024,Sports Weekend Trial Midwest Meta 24,151111,2312,1762.96,34
2025-05-15,act_998877,m-0025,Kids and Family Winback South Meta 25,163007,2494,1901.86,36
2025-05-15,act_998877,m-0026,Reality Launch Awareness US Meta 26,174902,2676,2040.76,39
2025-05-15,act_998877,m-0027,Sci-Fi Vault Prospecting West Meta 27,186797,2858,2179.66,41
2025-05-15,act_998877,m-0028,Movie Night Retargeting East Meta 28,91569,1401,1068.46,20
2025-05-16,act_998877,m-0001,Paramount+ Spring Promo,302222,4624,3465.54,65
2025-05-16,act_998877,m-0002,Yellowstone S5 Launch,289608,4431,3321.14,62
2025-05-16,act_998877,m-0003,PAW Patrol: The Mighty Movie,276993,4238,3176.74,59
2025-05-16,act_998877,m-0004,Sports Weekend Trial Midwest Meta,145882,2232,1672.6,31
2025-05-16,act_998877,m-0005,Kids and Family Winback South Meta,159477,2440,1829.03,34
2025-05-16,act_998877,m-0006,Reality Launch Awareness US Meta,173137,2649,1985.46,37
2025-05-16,act_998877,m-0007,Sci-Fi Vault Prospecting West Meta,186797,2858,2141.89,40
2025-05-16,act_998877,m-0008,Movie Night Retargeting East Meta,200392,3066,2298.33,43
2025-05-16,act_998877,m-0009,Holiday Watchlist Trial Midwest Meta,214052,3275,2454.76,46
2025-05-16,act_998877,m-0010,Live Events Winback South Meta,104902,1605,1203.31,22
2025-05-16,act_998877,m-0011,Library Retention Awareness US Meta,118562,1814,1359.74,25
2025-05-16,act_998877,m-0012,Premium Bundle Prospecting West Meta,132222,2023,1516.17,28
2025-05-16,act_998877,m-0013,Student Offer Retargeting East Meta,145882,2232,1672.6,31
2025-05-16,act_998877,m-0014,Family Plan Trial Midwest Meta,159477,2440,1829.03,34
2025-05-16,act_998877,m-0015,Winback Audience Winback South Meta,173137,2649,1985.46,37
2025-05-16,act_998877,m-0016,New Release Awareness US Meta,186797,2858,2141.89,40
2025-05-16,act_998877,m-0017,Binge Weekend Prospecting West Meta,200392,3066,2298.33,43
2025-05-16,act_998877,m-0018,Award Season Retargeting East Meta,214052,3275,2454.76,46
2025-05-16,act_998877,m-0019,Streaming Trial Trial Midwest Meta,104902,1605,1203.31,22
2025-05-16,act_998877,m-0020,International Pack Winback South Meta,118562,1814,1359.74,25
2025-05-16,act_998877,m-0021,Paramount+ Originals Awareness US Meta,132222,2023,1516.17,28
2025-05-16,act_998877,m-0022,Drama Collection Prospecting West Meta,145882,2232,1672.6,31
2025-05-16,act_998877,m-0023,Comedy Classics Retargeting East Meta,159477,2440,1829.03,34
2025-05-16,act_998877,m-0024,Sports Weekend Trial Midwest Meta 24,173137,2649,1985.46,37
2025-05-16,act_998877,m-0025,Kids and Family Winback South Meta 25,186797,2858,2141.89,40
2025-05-16,act_998877,m-0026,Reality Launch Awareness US Meta 26,200392,3066,2298.33,43
2025-05-16,act_998877,m-0027,Sci-Fi Vault Prospecting West Meta 27,214052,3275,2454.76,46
2025-05-16,act_998877,m-0028,Movie Night Retargeting East Meta 28,104902,1605,1203.31,22
2025-05-17,act_998877,m-0001,Paramount+ Spring Promo,272745,4173,3484.65,72
2025-05-17,act_998877,m-0002,Yellowstone S5 Launch,261373,3999,3339.46,69
2025-05-17,act_998877,m-0003,PAW Patrol: The Mighty Movie,250000,3825,3194.26,66
2025-05-17,act_998877,m-0004,Sports Weekend Trial Midwest Meta,131634,2014,1681.83,35
2025-05-17,act_998877,m-0005,Kids and Family Winback South Meta,143922,2202,1839.12,38
2025-05-17,act_998877,m-0006,Reality Launch Awareness US Meta,156275,2391,1996.41,42
2025-05-17,act_998877,m-0007,Sci-Fi Vault Prospecting West Meta,168562,2579,2153.71,45
2025-05-17,act_998877,m-0008,Movie Night Retargeting East Meta,180850,2767,2311.0,48
2025-05-17,act_998877,m-0009,Holiday Watchlist Trial Midwest Meta,193203,2956,2468.29,51
2025-05-17,act_998877,m-0010,Live Events Winback South Meta,94706,1449,1209.95,25
2025-05-17,act_998877,m-0011,Library Retention Awareness US Meta,106993,1637,1367.24,28
2025-05-17,act_998877,m-0012,Premium Bundle Prospecting West Meta,119346,1826,1524.53,32
2025-05-17,act_998877,m-0013,Student Offer Retargeting East Meta,131634,2014,1681.83,35
2025-05-17,act_998877,m-0014,Family Plan Trial Midwest Meta,143922,2202,1839.12,38
2025-05-17,act_998877,m-0015,Winback Audience Winback South Meta,156275,2391,1996.41,42
2025-05-17,act_998877,m-0016,New Release Awareness US Meta,168562,2579,2153.71,45
2025-05-17,act_998877,m-0017,Binge Weekend Prospecting West Meta,180850,2767,2311.0,48
2025-05-17,act_998877,m-0018,Award Season Retargeting East Meta,193203,2956,2468.29,51
2025-05-17,act_998877,m-0019,Streaming Trial Trial Midwest Meta,94706,1449,1209.95,25
2025-05-17,act_998877,m-0020,International Pack Winback South Meta,106993,1637,1367.24,28
2025-05-17,act_998877,m-0021,Paramount+ Originals Awareness US Meta,119346,1826,1524.53,32
2025-05-17,act_998877,m-0022,Drama Collection Prospecting West Meta,131634,2014,1681.83,35
2025-05-17,act_998877,m-0023,Comedy Classics Retargeting East Meta,143922,2202,1839.12,38
2025-05-17,act_998877,m-0024,Sports Weekend Trial Midwest Meta 24,156275,2391,1996.41,42
2025-05-17,act_998877,m-0025,Kids and Family Winback South Meta 25,168562,2579,2153.71,45
2025-05-17,act_998877,m-0026,Reality Launch Awareness US Meta 26,180850,2767,2311.0,48
2025-05-17,act_998877,m-0027,Sci-Fi Vault Prospecting West Meta 27,193203,2956,2468.29,51
2025-05-17,act_998877,m-0028,Movie Night Retargeting East Meta 28,94706,1449,1209.95,25
2025-05-18,act_998877,m-0001,Paramount+ Spring Promo,279412,4275,3503.76,72
2025-05-18,act_998877,m-0002,Yellowstone S5 Launch,267778,4097,3357.77,69
2025-05-18,act_998877,m-0003,PAW Patrol: The Mighty Movie,256144,3919,3211.78,66
2025-05-18,act_998877,m-0004,Sports Weekend Trial Midwest Meta,134902,2064,1691.05,35
2025-05-18,act_998877,m-0005,Kids and Family Winback South Meta,147516,2257,1849.21,38
2025-05-18,act_998877,m-0006,Reality Launch Awareness US Meta,160065,2449,2007.36,41
2025-05-18,act_998877,m-0007,Sci-Fi Vault Prospecting West Meta,172680,2642,2165.52,44
2025-05-18,act_998877,m-0008,Movie Night Retargeting East Meta,185294,2835,2323.67,47
2025-05-18,act_998877,m-0009,Holiday Watchlist Trial Midwest Meta,197908,3028,2481.83,51
2025-05-18,act_998877,m-0010,Live Events Winback South Meta,97059,1485,1216.58,25
2025-05-18,act_998877,m-0011,Library Retention Awareness US Meta,109673,1678,1374.74,28
2025-05-18,act_998877,m-0012,Premium Bundle Prospecting West Meta,122288,1871,1532.9,31
2025-05-18,act_998877,m-0013,Student Offer Retargeting East Meta,134902,2064,1691.05,35
2025-05-18,act_998877,m-0014,Family Plan Trial Midwest Meta,147516,2257,1849.21,38
2025-05-18,act_998877,m-0015,Winback Audience Winback South Meta,160065,2449,2007.36,41
2025-05-18,act_998877,m-0016,New Release Awareness US Meta,172680,2642,2165.52,44
2025-05-18,act_998877,m-0017,Binge Weekend Prospecting West Meta,185294,2835,2323.67,47
2025-05-18,act_998877,m-0018,Award Season Retargeting East Meta,197908,3028,2481.83,51
2025-05-18,act_998877,m-0019,Streaming Trial Trial Midwest Meta,97059,1485,1216.58,25
2025-05-18,act_998877,m-0020,International Pack Winback South Meta,109673,1678,1374.74,28
2025-05-18,act_998877,m-0021,Paramount+ Originals Awareness US Meta,122288,1871,1532.9,31
2025-05-18,act_998877,m-0022,Drama Collection Prospecting West Meta,134902,2064,1691.05,35
2025-05-18,act_998877,m-0023,Comedy Classics Retargeting East Meta,147516,2257,1849.21,38
2025-05-18,act_998877,m-0024,Sports Weekend Trial Midwest Meta 24,160065,2449,2007.36,41
2025-05-18,act_998877,m-0025,Kids and Family Winback South Meta 25,172680,2642,2165.52,44
2025-05-18,act_998877,m-0026,Reality Launch Awareness US Meta 26,185294,2835,2323.67,47
2025-05-18,act_998877,m-0027,Sci-Fi Vault Prospecting West Meta 27,197908,3028,2481.83,51
2025-05-18,act_998877,m-0028,Movie Night Retargeting East Meta 28,97059,1485,1216.58,25
